key,size,last_mod,access
AWS-x86-AMI-queries.json,2477,2017-06-30 13:36:23+00:00,public
ODBC/,0,2017-08-17 21:18:17+00:00,public
ODBC/SampleDatabases.tar.gz,759548,2017-09-28 19:04:18+00:00,public
ODBC/SampleDatabases_2.0.tar.gz,10717160,2018-12-06 20:27:32+00:00,public
ODBC/SampleDatabases_3.0.tar.gz,637828873,2018-12-12 20:09:56+00:00,public
ODBC/pcap.tar,39680000,2018-10-12 16:49:24+00:00,public
ODBC/ryft1_jdbc_client_2.1.19.0.zip,722752,2017-09-22 12:52:35+00:00,public
ODBC/ryft1_odbc_client_macosx-2.1-19.0.tar.gz,46349949,2017-09-21 21:40:32+00:00,public
ODBC/ryft1_odbc_client_win_64-2.1.19.0.msi,11100160,2017-08-18 17:15:44+00:00,public
PCAP/,0,2017-06-29 01:41:27+00:00,public
PCAP/ipv4frags.pcap,2990,2018-04-15 02:45:27+00:00,public
PCAP/maccdc2012_00000.pcap,1073676747,2018-03-20 18:37:50+00:00,public
PCAP/pcap.capt,7155523362,2017-06-29 01:41:59+00:00,public
PCAP/pcap.json,6681998037,2017-06-29 01:50:35+00:00,public
PCAP/pcap.tar.gz,5775381120,2018-09-10 16:43:06+00:00,public
esRedditJson/,0,2017-06-29 01:40:43+00:00,public
esRedditJson/esRedditJson1,10516965,2017-06-29 01:45:56+00:00,public
esRedditJson/esRedditJson10,10433761,2017-06-29 01:46:06+00:00,public
esRedditJson/esRedditJson11,10433046,2017-06-29 01:46:08+00:00,public
esRedditJson/esRedditJson12,10334732,2017-06-29 01:46:09+00:00,public
esRedditJson/esRedditJson13,10373104,2017-06-29 01:46:10+00:00,public
esRedditJson/esRedditJson14,10441230,2017-06-29 01:46:11+00:00,public
esRedditJson/esRedditJson15,10503221,2017-06-29 01:46:13+00:00,public
esRedditJson/esRedditJson16,10394139,2017-06-29 01:46:14+00:00,public
esRedditJson/esRedditJson17,10419370,2017-06-29 01:46:15+00:00,public
esRedditJson/esRedditJson18,10398783,2017-06-29 01:46:16+00:00,public
esRedditJson/esRedditJson19,10450536,2017-06-29 01:46:18+00:00,public
esRedditJson/esRedditJson2,10417467,2017-06-29 01:45:57+00:00,public
esRedditJson/esRedditJson20,10463122,2017-06-29 01:46:19+00:00,public
esRedditJson/esRedditJson21,10432635,2017-06-29 01:46:20+00:00,public
esRedditJson/esRedditJson22,10488463,2017-06-29 01:46:24+00:00,public
esRedditJson/esRedditJson23,10361739,2017-06-29 01:46:33+00:00,public
esRedditJson/esRedditJson24,10389702,2017-06-29 01:46:34+00:00,public
esRedditJson/esRedditJson25,10458780,2017-06-29 01:46:35+00:00,public
esRedditJson/esRedditJson26,10553481,2017-06-29 01:46:36+00:00,public
esRedditJson/esRedditJson27,10658461,2017-06-29 01:46:37+00:00,public
esRedditJson/esRedditJson28,10713467,2017-06-29 01:46:38+00:00,public
esRedditJson/esRedditJson29,10736417,2017-06-29 01:46:40+00:00,public
esRedditJson/esRedditJson3,10457906,2017-06-29 01:45:58+00:00,public
esRedditJson/esRedditJson30,10694423,2017-06-29 01:46:40+00:00,public
esRedditJson/esRedditJson31,10601739,2017-06-29 01:46:42+00:00,public
esRedditJson/esRedditJson32,10609295,2017-06-29 01:46:43+00:00,public
esRedditJson/esRedditJson33,10619135,2017-06-29 01:46:44+00:00,public
esRedditJson/esRedditJson34,10662858,2017-06-29 01:46:45+00:00,public
esRedditJson/esRedditJson35,10754426,2017-06-29 01:46:46+00:00,public
esRedditJson/esRedditJson36,10871588,2017-06-29 01:46:47+00:00,public
esRedditJson/esRedditJson37,10857422,2017-06-29 01:46:49+00:00,public
esRedditJson/esRedditJson38,10783974,2017-06-29 01:46:50+00:00,public
esRedditJson/esRedditJson39,10846268,2017-06-29 01:46:50+00:00,public
esRedditJson/esRedditJson4,10468749,2017-06-29 01:45:59+00:00,public
esRedditJson/esRedditJson40,10809655,2017-06-29 01:46:55+00:00,public
esRedditJson/esRedditJson41,10753171,2017-06-29 01:46:57+00:00,public
esRedditJson/esRedditJson42,10825189,2017-06-29 01:46:57+00:00,public
esRedditJson/esRedditJson43,10946108,2017-06-29 01:46:58+00:00,public
esRedditJson/esRedditJson44,10767995,2017-06-29 01:46:59+00:00,public
esRedditJson/esRedditJson45,10809551,2017-06-29 01:47:00+00:00,public
esRedditJson/esRedditJson46,10850950,2017-06-29 01:47:02+00:00,public
esRedditJson/esRedditJson47,10842004,2017-06-29 01:47:04+00:00,public
esRedditJson/esRedditJson48,10822248,2017-06-29 01:47:05+00:00,public
esRedditJson/esRedditJson49,10779551,2017-06-29 01:47:06+00:00,public
esRedditJson/esRedditJson5,10525328,2017-06-29 01:46:00+00:00,public
esRedditJson/esRedditJson50,10731761,2017-06-29 01:47:07+00:00,public
esRedditJson/esRedditJson51,10736221,2017-06-29 01:47:08+00:00,public
esRedditJson/esRedditJson52,10671974,2017-06-29 01:47:10+00:00,public
esRedditJson/esRedditJson53,10824819,2017-06-29 01:47:10+00:00,public
esRedditJson/esRedditJson54,10774136,2017-06-29 01:47:11+00:00,public
esRedditJson/esRedditJson55,10784335,2017-06-29 01:47:13+00:00,public
esRedditJson/esRedditJson56,10742178,2017-06-29 01:47:14+00:00,public
esRedditJson/esRedditJson57,10750401,2017-06-29 01:47:15+00:00,public
esRedditJson/esRedditJson58,10613900,2017-06-29 01:47:16+00:00,public
esRedditJson/esRedditJson59,10605254,2017-06-29 01:47:17+00:00,public
esRedditJson/esRedditJson6,10429051,2017-06-29 01:46:01+00:00,public
esRedditJson/esRedditJson60,10694565,2017-06-29 01:47:18+00:00,public
esRedditJson/esRedditJson61,10651605,2017-06-29 01:47:19+00:00,public
esRedditJson/esRedditJson62,10669856,2017-06-29 01:47:20+00:00,public
esRedditJson/esRedditJson63,10722591,2017-06-29 01:47:22+00:00,public
esRedditJson/esRedditJson64,10751417,2017-06-29 01:47:23+00:00,public
esRedditJson/esRedditJson65,10613058,2017-06-29 01:47:24+00:00,public
esRedditJson/esRedditJson66,10735533,2017-06-29 01:47:25+00:00,public
esRedditJson/esRedditJson67,10716665,2017-06-29 01:47:26+00:00,public
esRedditJson/esRedditJson68,10719500,2017-06-29 01:47:27+00:00,public
esRedditJson/esRedditJson69,10778938,2017-06-29 01:47:28+00:00,public
esRedditJson/esRedditJson7,10377996,2017-06-29 01:46:02+00:00,public
esRedditJson/esRedditJson70,10666492,2017-06-29 01:47:29+00:00,public
esRedditJson/esRedditJson71,10747754,2017-06-29 01:47:30+00:00,public
esRedditJson/esRedditJson72,10658019,2017-06-29 01:47:31+00:00,public
esRedditJson/esRedditJson73,10656675,2017-06-29 01:47:32+00:00,public
esRedditJson/esRedditJson74,10702276,2017-06-29 01:47:33+00:00,public
esRedditJson/esRedditJson75,10788367,2017-06-29 01:47:34+00:00,public
esRedditJson/esRedditJson8,10436978,2017-06-29 01:46:04+00:00,public
esRedditJson/esRedditJson9,10515171,2017-06-29 01:46:05+00:00,public
integration_test_dataset.json,75021,2017-09-13 13:07:53+00:00,public
integration_test_dataset_large.json,392173644,2017-09-13 15:45:20+00:00,public
logs/,0,2018-09-25 18:14:49+00:00,private
logs/pcap_json/,0,2018-09-25 18:35:06+00:00,private
logs/pcap_json/pcap_00.json,519441,2018-09-25 18:35:36+00:00,private
logs/pcap_json/pcap_01.json,516385,2018-09-25 18:35:36+00:00,private
logs/pcap_json/pcap_02.json,516643,2018-09-25 18:35:36+00:00,private
logs/pcap_json/pcap_03.json,516579,2018-09-25 18:35:36+00:00,private
logs/pcap_json/pcap_04.json,516253,2018-09-25 18:35:36+00:00,private
logs/pcap_json/pcap_05.json,516246,2018-09-25 18:35:36+00:00,private
logs/pcap_json/pcap_06.json,516492,2018-09-25 18:35:36+00:00,private
logs/pcap_json/pcap_07.json,516370,2018-09-25 18:35:36+00:00,private
logs/pcap_json/pcap_08.json,516202,2018-09-25 18:35:36+00:00,private
logs/pcap_json/pcap_09.json,516435,2018-09-25 18:35:36+00:00,private
logs/pcap_json/pcap_10.json,516419,2018-09-25 18:35:36+00:00,private
logs/pcap_json/pcap_11.json,516015,2018-09-25 18:35:36+00:00,private
logs/pcap_json/pcap_12.json,516542,2018-09-25 18:35:36+00:00,private
logs/pcap_json/pcap_13.json,516469,2018-09-25 18:35:36+00:00,private
logs/pcap_json/pcap_14.json,516430,2018-09-25 18:35:36+00:00,private
logs/pcap_json/pcap_15.json,516035,2018-09-25 18:35:36+00:00,private
logs/pcap_json/pcap_16.json,516216,2018-09-25 18:35:36+00:00,private
logs/pcap_json/pcap_17.json,516447,2018-09-25 18:35:36+00:00,private
logs/pcap_json/pcap_18.json,516267,2018-09-25 18:35:36+00:00,private
logs/pcap_json/pcap_19.json,516574,2018-09-25 18:35:36+00:00,private
logs/pcap_json/pcap_20.json,515946,2018-09-25 18:35:36+00:00,private
logs/pcap_json/pcap_21.json,516148,2018-09-25 18:35:36+00:00,private
logs/pcap_json/pcap_22.json,516516,2018-09-25 18:35:36+00:00,private
logs/pcap_json/pcap_23.json,516118,2018-09-25 18:35:36+00:00,private
logs/pcap_json/pcap_24.json,516470,2018-09-25 18:35:36+00:00,private
logs/pcap_json/pcap_25.json,516343,2018-09-25 18:35:36+00:00,private
logs/pcap_json/pcap_26.json,516004,2018-09-25 18:35:36+00:00,private
logs/pcap_json/pcap_27.json,516531,2018-09-25 18:35:36+00:00,private
logs/pcap_json/pcap_28.json,516002,2018-09-25 18:35:36+00:00,private
logs/pcap_json/pcap_29.json,516644,2018-09-25 18:35:36+00:00,private
logs/pcap_json/pcap_30.json,516190,2018-09-25 18:35:36+00:00,private
logs/pcap_json/pcap_31.json,516552,2018-09-25 18:35:36+00:00,private
logs/pcap_json/pcap_32.json,516214,2018-09-25 18:35:36+00:00,private
logs/pcap_json/pcap_33.json,516614,2018-09-25 18:35:36+00:00,private
logs/pcap_json/pcap_34.json,516079,2018-09-25 18:35:36+00:00,private
logs/pcap_json/pcap_35.json,516434,2018-09-25 18:35:36+00:00,private
logs/pcap_json/pcap_36.json,516576,2018-09-25 18:35:36+00:00,private
logs/pcap_json/pcap_37.json,516159,2018-09-25 18:35:36+00:00,private
logs/pcap_json/pcap_38.json,516411,2018-09-25 18:35:36+00:00,private
logs/pcap_json/pcap_39.json,516384,2018-09-25 18:35:36+00:00,private
logs/pcap_json/pcap_40.json,516228,2018-09-25 18:35:36+00:00,private
logs/pcap_json/pcap_41.json,516464,2018-09-25 18:35:36+00:00,private
logs/pcap_json/pcap_42.json,516489,2018-09-25 18:35:36+00:00,private
logs/pcap_json/pcap_43.json,516184,2018-09-25 18:35:36+00:00,private
logs/pcap_json/pcap_44.json,516268,2018-09-25 18:35:36+00:00,private
logs/pcap_json/pcap_45.json,516178,2018-09-25 18:35:36+00:00,private
logs/pcap_json/pcap_46.json,516516,2018-09-25 18:35:36+00:00,private
logs/pcap_json/pcap_47.json,516294,2018-09-25 18:35:36+00:00,private
logs/pcap_json/pcap_48.json,516476,2018-09-25 18:35:36+00:00,private
logs/pcap_json/pcap_49.json,516477,2018-09-25 18:35:36+00:00,private
logs/pcap_json/pcap_50.json,516326,2018-09-25 18:35:36+00:00,private
logs/pcap_json/pcap_51.json,515932,2018-09-25 18:35:36+00:00,private
logs/pcap_json/pcap_52.json,516479,2018-09-25 18:35:36+00:00,private
logs/pcap_json/pcap_53.json,516193,2018-09-25 18:35:36+00:00,private
logs/pcap_json/pcap_54.json,516513,2018-09-25 18:35:36+00:00,private
logs/pcap_json/pcap_55.json,515985,2018-09-25 18:35:36+00:00,private
logs/pcap_json/pcap_56.json,516309,2018-09-25 18:35:36+00:00,private
logs/pcap_json/pcap_57.json,516264,2018-09-25 18:35:36+00:00,private
logs/pcap_json/pcap_58.json,516587,2018-09-25 18:35:36+00:00,private
logs/pcap_json/pcap_59.json,515728,2018-09-25 18:35:37+00:00,private
logs/pcap_json/pcap_60.json,516156,2018-09-25 18:35:37+00:00,private
logs/pcap_json/pcap_61.json,516316,2018-09-25 18:35:37+00:00,private
logs/pcap_json/pcap_62.json,515951,2018-09-25 18:35:37+00:00,private
logs/pcap_json/pcap_63.json,516417,2018-09-25 18:35:37+00:00,private
logs/pcap_json/pcap_64.json,516316,2018-09-25 18:35:37+00:00,private
logs/pcap_json/pcap_65.json,516495,2018-09-25 18:35:37+00:00,private
logs/pcap_json/pcap_66.json,516339,2018-09-25 18:35:37+00:00,private
logs/pcap_json/pcap_67.json,516224,2018-09-25 18:35:37+00:00,private
logs/pcap_json/pcap_68.json,516419,2018-09-25 18:35:37+00:00,private
logs/pcap_json/pcap_69.json,516227,2018-09-25 18:35:37+00:00,private
logs/pcap_json/pcap_70.json,516506,2018-09-25 18:35:37+00:00,private
logs/pcap_json/pcap_71.json,516348,2018-09-25 18:35:37+00:00,private
logs/pcap_json/pcap_72.json,516339,2018-09-25 18:35:37+00:00,private
logs/pcap_json/pcap_73.json,516366,2018-09-25 18:35:37+00:00,private
logs/pcap_json/pcap_74.json,516204,2018-09-25 18:35:37+00:00,private
logs/pcap_json/pcap_75.json,516492,2018-09-25 18:35:37+00:00,private
logs/pcap_json/pcap_76.json,516585,2018-09-25 18:35:37+00:00,private
logs/pcap_json/pcap_77.json,516177,2018-09-25 18:35:37+00:00,private
logs/pcap_json/pcap_78.json,516469,2018-09-25 18:35:37+00:00,private
logs/pcap_json/pcap_79.json,516363,2018-09-25 18:35:37+00:00,private
logs/pcap_json/pcap_80.json,516142,2018-09-25 18:35:37+00:00,private
logs/pcap_json/pcap_81.json,516620,2018-09-25 18:35:37+00:00,private
logs/pcap_json/pcap_82.json,516217,2018-09-25 18:35:37+00:00,private
logs/pcap_json/pcap_83.json,516296,2018-09-25 18:35:37+00:00,private
logs/pcap_json/pcap_84.json,516460,2018-09-25 18:35:37+00:00,private
logs/pcap_json/pcap_85.json,516349,2018-09-25 18:35:37+00:00,private
logs/pcap_json/pcap_86.json,516232,2018-09-25 18:35:37+00:00,private
logs/pcap_json/pcap_87.json,516223,2018-09-25 18:35:37+00:00,private
logs/pcap_json/pcap_88.json,516427,2018-09-25 18:35:37+00:00,private
logs/pcap_json/pcap_89.json,516378,2018-09-25 18:35:37+00:00,private
logs/pcap_json/pcap_9000.json,516159,2018-09-25 18:35:37+00:00,private
logs/pcap_json/pcap_9001.json,516571,2018-09-25 18:35:37+00:00,private
logs/pcap_json/pcap_9002.json,516533,2018-09-25 18:35:37+00:00,private
logs/pcap_json/pcap_9003.json,515870,2018-09-25 18:35:37+00:00,private
logs/pcap_json/pcap_9004.json,516154,2018-09-25 18:35:37+00:00,private
logs/pcap_json/pcap_9005.json,516727,2018-09-25 18:35:37+00:00,private
logs/pcap_json/pcap_9006.json,516234,2018-09-25 18:35:37+00:00,private
logs/pcap_json/pcap_9007.json,515920,2018-09-25 18:35:37+00:00,private
logs/pcap_json/pcap_9008.json,516298,2018-09-25 18:35:37+00:00,private
logs/pcap_json/pcap_9009.json,516039,2018-09-25 18:35:37+00:00,private
logs/pcap_xml/,0,2018-09-25 18:35:52+00:00,private
logs/pcap_xml/pcap_00.xml,554990,2018-09-25 18:36:33+00:00,private
logs/pcap_xml/pcap_01.xml,552452,2018-09-25 18:36:33+00:00,private
logs/pcap_xml/pcap_02.xml,552714,2018-09-25 18:36:33+00:00,private
logs/pcap_xml/pcap_03.xml,552642,2018-09-25 18:36:33+00:00,private
logs/pcap_xml/pcap_04.xml,552316,2018-09-25 18:36:33+00:00,private
logs/pcap_xml/pcap_05.xml,552319,2018-09-25 18:36:33+00:00,private
logs/pcap_xml/pcap_06.xml,552557,2018-09-25 18:36:33+00:00,private
logs/pcap_xml/pcap_07.xml,552421,2018-09-25 18:36:33+00:00,private
logs/pcap_xml/pcap_08.xml,552282,2018-09-25 18:36:33+00:00,private
logs/pcap_xml/pcap_09.xml,552505,2018-09-25 18:36:33+00:00,private
logs/pcap_xml/pcap_10.xml,552474,2018-09-25 18:36:33+00:00,private
logs/pcap_xml/pcap_11.xml,552096,2018-09-25 18:36:33+00:00,private
logs/pcap_xml/pcap_12.xml,552610,2018-09-25 18:36:33+00:00,private
logs/pcap_xml/pcap_13.xml,552533,2018-09-25 18:36:33+00:00,private
logs/pcap_xml/pcap_14.xml,552497,2018-09-25 18:36:33+00:00,private
logs/pcap_xml/pcap_15.xml,552098,2018-09-25 18:36:33+00:00,private
logs/pcap_xml/pcap_16.xml,552289,2018-09-25 18:36:33+00:00,private
logs/pcap_xml/pcap_17.xml,552511,2018-09-25 18:36:33+00:00,private
logs/pcap_xml/pcap_18.xml,552335,2018-09-25 18:36:33+00:00,private
logs/pcap_xml/pcap_19.xml,552638,2018-09-25 18:36:33+00:00,private
logs/pcap_xml/pcap_20.xml,552009,2018-09-25 18:36:33+00:00,private
logs/pcap_xml/pcap_21.xml,552222,2018-09-25 18:36:33+00:00,private
logs/pcap_xml/pcap_22.xml,552580,2018-09-25 18:36:33+00:00,private
logs/pcap_xml/pcap_23.xml,552169,2018-09-25 18:36:33+00:00,private
logs/pcap_xml/pcap_24.xml,552549,2018-09-25 18:36:33+00:00,private
logs/pcap_xml/pcap_25.xml,552414,2018-09-25 18:36:33+00:00,private
logs/pcap_xml/pcap_26.xml,552067,2018-09-25 18:36:33+00:00,private
logs/pcap_xml/pcap_27.xml,552602,2018-09-25 18:36:33+00:00,private
logs/pcap_xml/pcap_28.xml,552064,2018-09-25 18:36:33+00:00,private
logs/pcap_xml/pcap_29.xml,552716,2018-09-25 18:36:33+00:00,private
logs/pcap_xml/pcap_30.xml,552241,2018-09-25 18:36:33+00:00,private
logs/pcap_xml/pcap_31.xml,552631,2018-09-25 18:36:33+00:00,private
logs/pcap_xml/pcap_32.xml,552287,2018-09-25 18:36:33+00:00,private
logs/pcap_xml/pcap_33.xml,552679,2018-09-25 18:36:33+00:00,private
logs/pcap_xml/pcap_34.xml,552141,2018-09-25 18:36:33+00:00,private
logs/pcap_xml/pcap_35.xml,552509,2018-09-25 18:36:33+00:00,private
logs/pcap_xml/pcap_36.xml,552628,2018-09-25 18:36:33+00:00,private
logs/pcap_xml/pcap_37.xml,552240,2018-09-25 18:36:33+00:00,private
logs/pcap_xml/pcap_38.xml,552476,2018-09-25 18:36:33+00:00,private
logs/pcap_xml/pcap_39.xml,552439,2018-09-25 18:36:33+00:00,private
logs/pcap_xml/pcap_40.xml,552303,2018-09-25 18:36:33+00:00,private
logs/pcap_xml/pcap_41.xml,552535,2018-09-25 18:36:33+00:00,private
logs/pcap_xml/pcap_42.xml,552556,2018-09-25 18:36:33+00:00,private
logs/pcap_xml/pcap_43.xml,552235,2018-09-25 18:36:33+00:00,private
logs/pcap_xml/pcap_44.xml,552347,2018-09-25 18:36:33+00:00,private
logs/pcap_xml/pcap_45.xml,552251,2018-09-25 18:36:33+00:00,private
logs/pcap_xml/pcap_46.xml,552577,2018-09-25 18:36:33+00:00,private
logs/pcap_xml/pcap_47.xml,552359,2018-09-25 18:36:33+00:00,private
logs/pcap_xml/pcap_48.xml,552551,2018-09-25 18:36:33+00:00,private
logs/pcap_xml/pcap_49.xml,552541,2018-09-25 18:36:33+00:00,private
logs/pcap_xml/pcap_50.xml,552377,2018-09-25 18:36:33+00:00,private
logs/pcap_xml/pcap_51.xml,552010,2018-09-25 18:36:33+00:00,private
logs/pcap_xml/pcap_52.xml,552553,2018-09-25 18:36:33+00:00,private
logs/pcap_xml/pcap_53.xml,552261,2018-09-25 18:36:33+00:00,private
logs/pcap_xml/pcap_54.xml,552577,2018-09-25 18:36:33+00:00,private
logs/pcap_xml/pcap_55.xml,552048,2018-09-25 18:36:33+00:00,private
logs/pcap_xml/pcap_56.xml,552375,2018-09-25 18:36:33+00:00,private
logs/pcap_xml/pcap_57.xml,552338,2018-09-25 18:36:33+00:00,private
logs/pcap_xml/pcap_58.xml,552652,2018-09-25 18:36:33+00:00,private
logs/pcap_xml/pcap_59.xml,551791,2018-09-25 18:36:33+00:00,private
logs/pcap_xml/pcap_60.xml,552229,2018-09-25 18:36:33+00:00,private
logs/pcap_xml/pcap_61.xml,552365,2018-09-25 18:36:33+00:00,private
logs/pcap_xml/pcap_62.xml,552029,2018-09-25 18:36:33+00:00,private
logs/pcap_xml/pcap_63.xml,552489,2018-09-25 18:36:33+00:00,private
logs/pcap_xml/pcap_64.xml,552378,2018-09-25 18:36:33+00:00,private
logs/pcap_xml/pcap_65.xml,552567,2018-09-25 18:36:33+00:00,private
logs/pcap_xml/pcap_66.xml,552402,2018-09-25 18:36:33+00:00,private
logs/pcap_xml/pcap_67.xml,552297,2018-09-25 18:36:33+00:00,private
logs/pcap_xml/pcap_68.xml,552472,2018-09-25 18:36:33+00:00,private
logs/pcap_xml/pcap_69.xml,552301,2018-09-25 18:36:33+00:00,private
logs/pcap_xml/pcap_70.xml,552581,2018-09-25 18:36:33+00:00,private
logs/pcap_xml/pcap_71.xml,552409,2018-09-25 18:36:33+00:00,private
logs/pcap_xml/pcap_72.xml,552405,2018-09-25 18:36:33+00:00,private
logs/pcap_xml/pcap_73.xml,552437,2018-09-25 18:36:33+00:00,private
logs/pcap_xml/pcap_74.xml,552266,2018-09-25 18:36:33+00:00,private
logs/pcap_xml/pcap_75.xml,552567,2018-09-25 18:36:33+00:00,private
logs/pcap_xml/pcap_76.xml,552649,2018-09-25 18:36:33+00:00,private
logs/pcap_xml/pcap_77.xml,552240,2018-09-25 18:36:33+00:00,private
logs/pcap_xml/pcap_78.xml,552539,2018-09-25 18:36:33+00:00,private
logs/pcap_xml/pcap_79.xml,552430,2018-09-25 18:36:33+00:00,private
logs/pcap_xml/pcap_80.xml,552205,2018-09-25 18:36:33+00:00,private
logs/pcap_xml/pcap_81.xml,552691,2018-09-25 18:36:33+00:00,private
logs/pcap_xml/pcap_82.xml,552280,2018-09-25 18:36:33+00:00,private
logs/pcap_xml/pcap_83.xml,552363,2018-09-25 18:36:33+00:00,private
logs/pcap_xml/pcap_84.xml,552534,2018-09-25 18:36:33+00:00,private
logs/pcap_xml/pcap_85.xml,552413,2018-09-25 18:36:33+00:00,private
logs/pcap_xml/pcap_86.xml,552296,2018-09-25 18:36:33+00:00,private
logs/pcap_xml/pcap_87.xml,552288,2018-09-25 18:36:33+00:00,private
logs/pcap_xml/pcap_88.xml,552502,2018-09-25 18:36:33+00:00,private
logs/pcap_xml/pcap_89.xml,552430,2018-09-25 18:36:33+00:00,private
logs/pcap_xml/pcap_9000.xml,552233,2018-09-25 18:36:33+00:00,private
logs/pcap_xml/pcap_9001.xml,552646,2018-09-25 18:36:33+00:00,private
logs/pcap_xml/pcap_9002.xml,552597,2018-09-25 18:36:33+00:00,private
logs/pcap_xml/pcap_9003.xml,551932,2018-09-25 18:36:33+00:00,private
logs/pcap_xml/pcap_9004.xml,552228,2018-09-25 18:36:33+00:00,private
logs/pcap_xml/pcap_9005.xml,552792,2018-09-25 18:36:33+00:00,private
logs/pcap_xml/pcap_9006.xml,552285,2018-09-25 18:36:33+00:00,private
logs/pcap_xml/pcap_9007.xml,551998,2018-09-25 18:36:34+00:00,private
logs/pcap_xml/pcap_9008.xml,552373,2018-09-25 18:36:34+00:00,private
logs/pcap_xml/pcap_9009.xml,552098,2018-09-25 18:36:34+00:00,private
logs/serverLogs/,0,2018-09-25 18:36:00+00:00,private
logs/serverLogs/logDemo_00.log,1435245,2018-09-25 18:37:14+00:00,private
logs/serverLogs/logDemo_01.log,1423399,2018-09-25 18:37:14+00:00,private
logs/serverLogs/logDemo_02.log,1390476,2018-09-25 18:37:14+00:00,private
logs/serverLogs/logDemo_03.log,1434941,2018-09-25 18:37:14+00:00,private
logs/serverLogs/logDemo_04.log,1411455,2018-09-25 18:37:14+00:00,private
logs/serverLogs/logDemo_05.log,1402538,2018-09-25 18:37:14+00:00,private
logs/serverLogs/logDemo_06.log,1434941,2018-09-25 18:37:14+00:00,private
logs/serverLogs/logDemo_07.log,1399608,2018-09-25 18:37:14+00:00,private
logs/serverLogs/logDemo_08.log,1414130,2018-09-25 18:37:14+00:00,private
logs/serverLogs/logDemo_09.log,1434868,2018-09-25 18:37:14+00:00,private
logs/serverLogs/logDemo_10.log,1388050,2018-09-25 18:37:14+00:00,private
logs/serverLogs/logDemo_11.log,1426021,2018-09-25 18:37:14+00:00,private
logs/serverLogs/logDemo_12.log,1432170,2018-09-25 18:37:14+00:00,private
logs/serverLogs/logDemo_13.log,1381925,2018-09-25 18:37:14+00:00,private
logs/serverLogs/logDemo_14.log,1434677,2018-09-25 18:37:14+00:00,private
logs/serverLogs/logDemo_15.log,1420212,2018-09-25 18:37:14+00:00,private
logs/serverLogs/logDemo_16.log,1393718,2018-09-25 18:37:14+00:00,private
logs/serverLogs/logDemo_17.log,1434930,2018-09-25 18:37:14+00:00,private
logs/serverLogs/logDemo_18.log,1408364,2018-09-25 18:37:14+00:00,private
logs/serverLogs/logDemo_19.log,1405578,2018-09-25 18:37:14+00:00,private
logs/serverLogs/logDemo_20.log,1435036,2018-09-25 18:37:14+00:00,private
logs/serverLogs/logDemo_21.log,1396509,2018-09-25 18:37:14+00:00,private
logs/serverLogs/logDemo_22.log,1417191,2018-09-25 18:37:14+00:00,private
logs/serverLogs/logDemo_23.log,1434883,2018-09-25 18:37:14+00:00,private
logs/serverLogs/logDemo_24.log,1385082,2018-09-25 18:37:14+00:00,private
logs/serverLogs/logDemo_25.log,1428980,2018-09-25 18:37:14+00:00,private
logs/serverLogs/logDemo_26.log,1428858,2018-09-25 18:37:14+00:00,private
logs/serverLogs/logDemo_27.log,1384850,2018-09-25 18:37:14+00:00,private
logs/serverLogs/logDemo_28.log,1434999,2018-09-25 18:37:14+00:00,private
logs/serverLogs/logDemo_29.log,1417171,2018-09-25 18:37:14+00:00,private
logs/serverLogs/logDemo_30.log,1396811,2018-09-25 18:37:14+00:00,private
logs/serverLogs/logDemo_31.log,1434926,2018-09-25 18:37:14+00:00,private
logs/serverLogs/logDemo_32.log,1405310,2018-09-25 18:37:14+00:00,private
logs/serverLogs/logDemo_33.log,1408586,2018-09-25 18:37:14+00:00,private
logs/serverLogs/logDemo_34.log,1435038,2018-09-25 18:37:14+00:00,private
logs/serverLogs/logDemo_35.log,1393456,2018-09-25 18:37:14+00:00,private
logs/serverLogs/logDemo_36.log,1420320,2018-09-25 18:37:14+00:00,private
logs/serverLogs/logDemo_37.log,1434905,2018-09-25 18:37:14+00:00,private
logs/serverLogs/logDemo_38.log,1381509,2018-09-25 18:37:14+00:00,private
logs/serverLogs/logDemo_39.log,1432520,2018-09-25 18:37:14+00:00,private
logs/serverLogs/logDemo_40.log,1425753,2018-09-25 18:37:14+00:00,private
logs/serverLogs/logDemo_41.log,1387987,2018-09-25 18:37:14+00:00,private
logs/serverLogs/logDemo_42.log,1434868,2018-09-25 18:37:14+00:00,private
logs/serverLogs/logDemo_43.log,1414193,2018-09-25 18:37:14+00:00,private
logs/serverLogs/logDemo_44.log,1399877,2018-09-25 18:37:14+00:00,private
logs/serverLogs/logDemo_45.log,1434930,2018-09-25 18:37:14+00:00,private
logs/serverLogs/logDemo_46.log,1402209,2018-09-25 18:37:14+00:00,private
logs/serverLogs/logDemo_47.log,1411632,2018-09-25 18:37:14+00:00,private
logs/serverLogs/logDemo_48.log,1435031,2018-09-25 18:37:14+00:00,private
logs/serverLogs/logDemo_49.log,1390411,2018-09-25 18:37:14+00:00,private
logs/serverLogs/logDemo_50.log,1423420,2018-09-25 18:37:14+00:00,private
logs/serverLogs/logDemo_51.log,1434820,2018-09-25 18:37:14+00:00,private
logs/serverLogs/logDemo_52.log,1379124,2018-09-25 18:37:14+00:00,private
logs/serverLogs/logDemo_53.log,1435031,2018-09-25 18:37:14+00:00,private
logs/serverLogs/logDemo_54.log,1422656,2018-09-25 18:37:14+00:00,private
logs/serverLogs/logDemo_55.log,1391046,2018-09-25 18:37:14+00:00,private
logs/serverLogs/logDemo_56.log,1434888,2018-09-25 18:37:14+00:00,private
logs/serverLogs/logDemo_57.log,1411076,2018-09-25 18:37:14+00:00,private
logs/serverLogs/logDemo_58.log,1402987,2018-09-25 18:37:14+00:00,private
logs/serverLogs/logDemo_59.log,1434918,2018-09-25 18:37:14+00:00,private
logs/serverLogs/logDemo_60.log,1399179,2018-09-25 18:37:14+00:00,private
logs/serverLogs/logDemo_61.log,1414609,2018-09-25 18:37:14+00:00,private
logs/serverLogs/logDemo_62.log,1435035,2018-09-25 18:37:14+00:00,private
logs/serverLogs/logDemo_63.log,1387388,2018-09-25 18:37:14+00:00,private
logs/serverLogs/logDemo_64.log,1426484,2018-09-25 18:37:14+00:00,private
logs/serverLogs/logDemo_65.log,1431699,2018-09-25 18:37:14+00:00,private
logs/serverLogs/logDemo_66.log,1382407,2018-09-25 18:37:15+00:00,private
logs/serverLogs/logDemo_67.log,1434829,2018-09-25 18:37:15+00:00,private
logs/serverLogs/logDemo_68.log,1419603,2018-09-25 18:37:15+00:00,private
logs/serverLogs/logDemo_69.log,1394174,2018-09-25 18:37:15+00:00,private
logs/serverLogs/logDemo_70.log,1434903,2018-09-25 18:37:15+00:00,private
logs/serverLogs/logDemo_71.log,1407932,2018-09-25 18:37:15+00:00,private
logs/serverLogs/logDemo_72.log,1406099,2018-09-25 18:37:15+00:00,private
logs/serverLogs/logDemo_73.log,1434907,2018-09-25 18:37:15+00:00,private
logs/serverLogs/logDemo_74.log,1396099,2018-09-25 18:37:15+00:00,private
logs/serverLogs/logDemo_75.log,1417600,2018-09-25 18:37:15+00:00,private
logs/serverLogs/logDemo_76.log,1435074,2018-09-25 18:37:15+00:00,private
logs/serverLogs/logDemo_77.log,1384425,2018-09-25 18:37:15+00:00,private
logs/serverLogs/logDemo_78.log,1429501,2018-09-25 18:37:15+00:00,private
logs/serverLogs/logDemo_79.log,1428416,2018-09-25 18:37:15+00:00,private
logs/serverLogs/logDemo_80.log,1385427,2018-09-25 18:37:15+00:00,private
logs/serverLogs/logDemo_81.log,1435031,2018-09-25 18:37:15+00:00,private
logs/serverLogs/logDemo_82.log,1416559,2018-09-25 18:37:15+00:00,private
logs/serverLogs/logDemo_83.log,1397268,2018-09-25 18:37:15+00:00,private
logs/serverLogs/logDemo_84.log,1434906,2018-09-25 18:37:15+00:00,private
logs/serverLogs/logDemo_85.log,1404858,2018-09-25 18:37:15+00:00,private
logs/serverLogs/logDemo_86.log,1409211,2018-09-25 18:37:15+00:00,private
logs/serverLogs/logDemo_87.log,1434880,2018-09-25 18:37:15+00:00,private
logs/serverLogs/logDemo_88.log,1393013,2018-09-25 18:37:15+00:00,private
logs/serverLogs/logDemo_89.log,1420693,2018-09-25 18:37:15+00:00,private
logs/serverLogs/logDemo_9000.log,1435002,2018-09-25 18:37:15+00:00,private
logs/serverLogs/logDemo_9001.log,1380354,2018-09-25 18:37:15+00:00,private
logs/serverLogs/logDemo_9002.log,1433625,2018-09-25 18:37:15+00:00,private
logs/serverLogs/logDemo_9003.log,1425324,2018-09-25 18:37:15+00:00,private
logs/serverLogs/logDemo_9004.log,1388466,2018-09-25 18:37:15+00:00,private
logs/serverLogs/logDemo_9005.log,1435034,2018-09-25 18:37:15+00:00,private
logs/serverLogs/logDemo_9006.log,1413533,2018-09-25 18:37:15+00:00,private
logs/serverLogs/logDemo_9007.log,1400340,2018-09-25 18:37:15+00:00,private
logs/serverLogs/logDemo_9008.log,1434941,2018-09-25 18:37:15+00:00,private
logs/serverLogs/logDemo_9009.log,1401813,2018-09-25 18:37:15+00:00,private
passengers-ipv4.txt,384,2017-06-22 16:14:20+00:00,public
passengers.txt,1046,2017-06-22 15:54:41+00:00,public
pipeline.conf.json,1376,2018-05-26 04:19:23+00:00,public
ryft-server-0.13.0-rc3_amd64.deb,4164670,2017-09-15 12:03:52+00:00,public
smoke.ryftjson,68157440,2018-04-15 03:14:57+00:00,public
splunk_blacklynx_1.0.0_demodata.tgz,1432833595,2018-12-09 23:04:44+00:00,public
splunk_blacklynx_1.0.2_demodata.tgz,6434264602,2019-02-19 04:08:27+00:00,public
tweets-ryftjson.tgz,324939104,2018-04-18 04:01:27+00:00,public
twitter/,0,2018-08-21 19:19:15+00:00,public
twitter/2017.tar.gz,2709740503,2018-08-21 21:24:51+00:00,public
twitter/russian-troll/,0,2018-09-20 15:42:45+00:00,private
twitter/russian-troll/.meta.table,1703,2018-10-03 15:56:47+00:00,private
twitter/russian-troll/IRAhandle_tweets_1.csv,87874842,2018-09-20 15:48:14+00:00,public
twitter/russian-troll/IRAhandle_tweets_2.csv,89384804,2018-09-20 15:48:13+00:00,public
twitter/russian-troll/IRAhandle_tweets_3.csv,87696348,2018-09-20 15:48:13+00:00,public
twitter/russian-troll/IRAhandle_tweets_4.csv,87771344,2018-09-20 15:48:14+00:00,public
twitter/russian-troll/IRAhandle_tweets_5.csv,79412644,2018-09-20 15:48:13+00:00,public
twitter/russian-troll/IRAhandle_tweets_6.csv,77962778,2018-09-20 15:48:15+00:00,public
twitter/russian-troll/IRAhandle_tweets_7.csv,82408170,2018-09-20 15:48:15+00:00,public
twitter/russian-troll/IRAhandle_tweets_8.csv,85947534,2018-09-20 15:48:16+00:00,public
twitter/russian-troll/IRAhandle_tweets_9.csv,9444208,2018-09-20 15:48:18+00:00,public
twitter/russian-troll/README.md,4663,2018-09-20 15:48:18+00:00,public
twitter/russian-troll/Russian_Troll_Tweets_FiveThirtyEight.pdf,376046,2018-09-20 15:48:18+00:00,public
twitter/twitter.tar.gz,3188452260,2018-08-21 19:21:22+00:00,public
uspto-2016-xml-split.tar.bz2,4106419982,2018-04-16 18:53:44+00:00,public
uspto-2017-xml-split.tar.bz2,4463885591,2018-06-22 19:09:55+00:00,public
wikipedia-20150518.bin,22593382637,2017-06-22 14:54:07+00:00,public
wikipedia-20150518.bin.gz,7887083733,2018-08-13 17:00:49+00:00,public
